-49.5, 0.0, 10.475, 0.5, 0.0
-49.0, -0.05597723311157665, 10.475, 0.4875606148640941, 0.0
-48.0, -0.10858579661320533, 10.475, 0.47586982297484326, 0.0
-47.0, -0.13963871818570084, 10.475, 0.4689691737365109, 0.0
-46.0, -0.16172209534679638, 10.475, 0.4640617565896008, 0.0
-45.0, -0.18437867627100246, 10.475, 0.4590269608286661, 0.0
-44.5, -0.18844653991040872, 10.475, 0.4581229911310203, 0.0
-43.5, -0.18548884651902142, 10.475, 0.45878025632910635, 0.0
-42.5, -0.20153688998362895, 10.475, 0.45521402444808245, 0.0
-41.5, -0.24686952490952763, 10.475, 0.4451401055756605, 0.0
-40.5, -0.33499424865663485, 10.475, 0.4255568336318589, 0.0
-40.01678513487323, -0.3940483331380822, 10.475, 0.4123499836335611, 0.0
-39.102842940072605, -0.5384566655926519, 10.475, 0.39730366918634274, 0.0
-38.19587335831863, -0.7367113110864145, 10.475, 0.4062831396977913, 0.0
-37.20549145797857, -1.0128986272230633, 10.475, 0.4346230292521085, 0.0
-36.24963989820639, -1.3212054786918732, 10.475, 0.45535665716771234, 0.0
-35.770169709201504, -1.4723834101446875, 10.475, 0.4664666633832013, 0.0
-34.74460591043214, -1.7768747637551048, 10.475, 0.49199734805429785, 0.0
-33.74436503081443, -2.0529582936306925, 10.475, 0.5092260893252245, 0.0
-32.717514246899306, -2.2933464201993736, 10.475, 0.5164103249553449, 0.0
-31.679708137182033, -2.478672096730748, 10.475, 0.5149370539144797, 0.0
-31.154882949090062, -2.527559190289887, 10.475, 0.5160979468523124, 0.0
-30.102653085097977, -2.5340734575635167, 10.475, 0.5228834170668648, 0.0
-29.053933211278387, -2.4696666298705408, 10.475, 0.5243701297267478, 0.0
-28.01049770841347, -2.3360344756042895, 10.475, 0.5202025290180501, 0.0
-26.972135675797734, -2.1391028253028406, 10.475, 0.5089165691467343, 0.0
-26.459497313803944, -2.0038809448773223, 10.475, 0.5035836334451176, 0.0
-25.449611063121925, -1.6662661166202972, 10.475, 0.492982713064535, 0.0
-24.518923282019003, -1.3141568213938624, 10.475, 0.4788360336548436, 0.0
-23.596967139400206, -0.9207620417911548, 10.475, 0.4707224133534851, 0.0
-22.71584301896541, -0.4997160762308006, 10.475, 0.4730752966862184, 0.0
-22.152778427689647, -0.8519653549274211, 10.475, 0.3578361641102674, 0.0
-21.313770486549675, -0.5688578279824605, 10.475, 0.3929308230755737, 0.0
-20.58585376112149, -1.137599601194117, 10.475, 0.28174181598836867, 0.0
-19.727138434053156, -1.1503179688836878, 10.475, 0.3442180193501372, 0.0
-18.91257915107155, -1.4854838232953822, 10.475, 0.38526625147081006, 0.0
-18.561999042504713, -1.832364809709224, 10.475, 0.38711281680907916, 0.0
-17.63479924779005, -2.3459059807456017, 10.475, 0.46518424718343, 0.0
-17.029267805648264, -3.145664080882845, 10.475, 0.447573070256027, 0.0
-16.32504709716595, -3.8576101654203443, 10.475, 0.45931787459743134, 0.0
-15.648991256329255, -4.594616396664449, 10.475, 0.4626844782233235, 0.0
-15.302410639427547, -4.955509133337637, 10.475, 0.4669121148412785, 0.0
-14.564955352480425, -5.6758782083266395, 10.475, 0.48264343824178013, 0.0
-13.826210957451346, -6.370014681006147, 10.475, 0.4972819187241697, 0.0
-13.01654199538882, -7.086277914993308, 10.475, 0.5067018181435969, 0.0
-12.247685247219541, -7.712087247062337, 10.475, 0.5081063947200306, 0.0
-11.447996835878602, -8.299654094832267, 10.475, 0.5042118546745229, 0.0
-11.026877021045616, -8.562235750456322, 10.475, 0.504578030439987, 0.0
-10.147621224429896, -9.020051915114676, 10.475, 0.5102380904761361, 0.0
-9.245130592956846, -9.427214083883175, 10.475, 0.5120904248531559, 0.0
-8.320711864239223, -9.7826349140934, 10.475, 0.5102485721951808, 0.0
-7.375969685180505, -10.085910792316021, 10.475, 0.5046255769365189, 0.0
-6.892992846167723, -10.200187469274862, 10.475, 0.5043650960821822, 0.0
-5.913229810048994, -10.352530846698707, 10.475, 0.5089048116534514, 0.0
-4.927357853846005, -10.45066407843236, 10.475, 0.5093711365175295, 0.0
-3.8617335113201547, -10.49929366148753, 10.475, 0.5054311471822501, 0.0
-2.812118666840853, -10.490809220358118, 10.475, 0.5016626670911961, 0.0
-2.3069578899627996, -10.446139856159473, 10.475, 0.5066527578566706, 0.0
-1.3172563919884768, -10.274680621107056, 10.475, 0.521355543592918, 0.0
-0.3470000776118986, -10.038131956503268, 10.475, 0.5282034056474316, 0.0
0.6019681282684801, -9.731438217419344, 10.475, 0.528555367994656, 0.0
1.5261373532535276, -9.351184536113067, 10.475, 0.5233472458808137, 0.0
1.9664440952434874, -9.114413109846058, 10.475, 0.5236314556638177, 0.0
2.791264303158552, -8.553136477622502, 10.475, 0.5302215177545122, 0.0
3.5653103384900824, -7.926706204563021, 10.475, 0.53241225913942, 0.0
4.284792604017252, -7.2376144524236, 10.475, 0.5303293066715042, 0.0
4.946345242300011, -6.48893217359849, 10.475, 0.5239052958804535, 0.0
5.236197065740605, -6.081656568800639, 10.475, 0.523816147798172, 0.0
5.726455545555205, -5.212696952126368, 10.475, 0.5298211933227748, 0.0
6.144251993452329, -4.308254896693068, 10.475, 0.5309963302968725, 0.0
6.4910686766039065, -3.372622801774656, 10.475, 0.5266256040811044, 0.0
6.771654502738903, -2.4092532225924104, 10.475, 0.5152538686635495, 0.0
6.871343530919072, -1.9157282252525234, 10.475, 0.5103321899263307, 0.0
6.993481351304568, -0.9131651958914179, 10.475, 0.5006641602452646, 0.0
7.074524476248676, 0.093922, 10.475, 0.48343900527807193, 0.0
7.128729401441333, 1.093922, 10.475, 0.47139346634637036, 0.0
7.170039703597396, 2.093922, 10.475, 0.4622133992005786, 0.0
7.178426939659644, 2.593921647336469, 10.475, 0.4603495689644461, 0.0
7.174280789103336, 3.594624160147555, 10.475, 0.46132457676847594, 0.0
7.177516304732792, 4.667665899187198, 10.475, 0.4616362554293829, 0.0
7.19133371723553, 5.739375393070244, 10.475, 0.46119835468400083, 0.0
7.2140149542941705, 6.812373511189105, 10.475, 0.46039919964148623, 0.0
7.21406050108987, 7.307631298308437, 10.475, 0.46276834595545324, 0.0
7.187805431056681, 8.308320567242603, 10.475, 0.4735172104338403, 0.0
7.146891421909119, 9.309798867114896, 10.475, 0.48752670723905567, 0.0
7.074186519222462, 10.393836931051656, 10.475, 0.5025643794263317, 0.0
6.967681137505135, 11.370119369878326, 10.475, 0.512983903782569, 0.0
6.790818229351975, 12.448734781918304, 10.475, 0.5174199620398099, 0.0
6.657377107088987, 12.981360878584926, 10.475, 0.5205008398948934, 0.0
6.300428804864794, 14.016744414478547, 10.475, 0.5291362996880196, 0.0
5.874090826199016, 15.02353333739084, 10.475, 0.5296773295422383, 0.0
5.3820181119902175, 16.00385679952726, 10.475, 0.5211297819566738, 0.0
4.8376878459820425, 16.957383166126583, 10.475, 0.5008966555368062, 0.0
4.535412266127759, 17.42474309926611, 10.475, 0.48892478643429627, 0.0
3.9380853281581625, 18.26856777588389, 10.475, 0.4686696028460915, 0.0
3.3144218458719372, 19.05107589254101, 10.475, 0.4607298197649783, 0.0
2.8921172392658656, 19.969336108653092, 10.475, 0.3994634001378614, 0.0
2.2745704081265834, 20.696895428112647, 10.475, 0.41896732871437337, 0.0
2.337843182680792, 21.247493100121087, 10.475, 0.3476841211928843, 0.0
1.896012741643218, 22.05755608298112, 10.475, 0.36982831924828474, 0.0
1.9517430975284746, 22.98704753056211, 10.475, 0.30765879049602063, 0.0
1.683690482228961, 23.86706473786336, 10.475, 0.34828562344918623, 0.0
1.786692305491182, 24.703739575845844, 10.475, 0.3363757181988376, 0.0
2.178715507943892, 24.993279956720183, 10.475, 0.2653982732438891, 0.0
2.1774866409623383, 25.871088404842844, 10.475, 0.34135546414495366, 0.0
2.885605025458596, 26.303461259805104, 10.475, 0.2689332411727179, 0.0
3.395787171521348, 27.123805349629087, 10.475, 0.329682395482493, 0.0
4.065792147659112, 27.710340853256668, 10.475, 0.34588787444900504, 0.0
4.419272173913781, 27.99669761837602, 10.475, 0.36482476970145683, 0.0
5.242401332641076, 28.41253506044444, 10.475, 0.39370941430021844, 0.0
6.18015417722622, 28.434302415351585, 10.475, 0.3756279378165033, 0.0
7.166244, 28.608161551194684, 10.475, 0.41292478915437414, 0.0
8.166245, 28.71301861943165, 10.475, 0.4362263598737002, 0.0
8.666245, 28.750717928904287, 10.475, 0.4446039842009526, 0.0
9.666245, 28.805482247703132, 10.475, 0.4567738328229183, 0.0
10.666245, 28.835385813100913, 10.475, 0.46341906957798074, 0.0
11.666245, 28.85652110411047, 10.475, 0.46811580091343785, 0.0
12.666245, 28.883382751882365, 10.475, 0.47408505597385897, 0.0
13.196706, 28.91915739800458, 10.475, 0.48203497733435086, 0.0
14.230363571958293, 29.038564195539237, 10.475, 0.5072306203973369, 0.0
15.334722119128063, 29.214502504618835, 10.475, 0.5248960006406662, 0.0
16.420514272467408, 29.452769375797107, 10.475, 0.5305200175296392, 0.0
17.48715163024214, 29.76697498303818, 10.475, 0.5272399699875621, 0.0
18.002459587564964, 29.976163668512434, 10.475, 0.5279866237759165, 0.0
18.983206482809006, 30.496549800575075, 10.475, 0.5350036141284846, 0.0
19.839608123393003, 31.052150792844287, 10.475, 0.5399366923633693, 0.0
20.66334457208077, 31.700204035180654, 10.475, 0.5395190526171376, 0.0
21.426581600930035, 32.42294383599369, 10.475, 0.5330385262147814, 0.0
21.76528926668885, 32.82549881555521, 10.475, 0.5327319078655961, 0.0
22.346202548042037, 33.70004975820276, 10.475, 0.5379954789210473, 0.0
22.85662022547061, 34.64376172353117, 10.475, 0.5374452801432454, 0.0
23.26747661693326, 35.595302907947755, 10.475, 0.5371379035113222, 0.0
23.59619512298183, 36.57350604801019, 10.475, 0.5305866128752399, 0.0
23.85378290393095, 37.58164141274516, 10.475, 0.5151413813083963, 0.0
23.94108724231729, 38.09790217058988, 10.475, 0.5071932686454801, 0.0
24.029552510748687, 39.080036, 10.475, 0.49343277538918073, 0.0
24.074571435088053, 40.099998, 10.475, 0.4834285699804326, 0.0
24.080312943616633, 41.099998, 10.475, 0.4821526791963038, 0.0
24.048252305721142, 42.099998, 10.475, 0.4892772653953017, 0.0
24.0, 42.599998, 10.475, 0.5, 1.0
23.98938, 43.638657, 10.475, 0.5, 1.0
23.907541, 44.706799, 10.475, 0.5, 1.0
23.746202, 45.765106, 10.475, 0.5, 1.0
23.507378, 46.807465, 10.475, 0.5, 1.0
23.359665, 47.320847, 10.475, 0.5, 1.0
23.009377, 48.328598, 10.475, 0.5, 1.0
22.588524, 49.306755, 10.475, 0.5, 1.0
22.10943, 50.232883, 10.475, 0.5, 1.0
21.622946, 51.10796, 10.475, 0.5, 1.0
21.370697, 51.563816, 10.475, 0.5, 1.0
20.788221, 52.452106, 10.475, 0.5, 1.0
20.103418, 53.259232, 10.475, 0.5, 1.0
19.327616, 53.973869, 10.475, 0.5, 1.0
18.473286, 54.586304, 10.475, 0.5, 1.0
18.020823, 54.851612, 10.475, 0.5, 1.0
17.074013, 55.296234, 10.475, 0.5, 1.0
16.083336, 55.62188, 10.475, 0.5, 1.0
15.063451, 55.82494, 10.475, 0.5, 1.0
13.978497, 55.904236, 10.475, 0.5, 1.0
13.460636, 55.893761, 10.475, 0.5, 1.0
12.432894, 55.780083, 10.475, 0.5, 1.0
11.42758, 55.544933, 10.475, 0.5, 1.0
10.480415, 55.227112, 10.475, 0.5, 1.0
9.531377, 54.907326, 10.475, 0.5, 1.0
9.036842, 54.738018, 10.475, 0.5, 1.0
8.051974, 54.381683, 10.475, 0.5, 1.0
7.080714, 53.988522, 10.475, 0.5, 1.0
6.122678, 53.549271, 10.475, 0.5, 1.0
5.185932, 53.066948, 10.475, 0.5, 1.0
4.726162, 52.809971, 10.475, 0.5, 1.0
3.825031, 52.265102, 10.475, 0.5, 1.0
2.9500070000000003, 51.680061, 10.475, 0.5, 1.0
2.102906, 51.056156, 10.475, 0.5, 1.0
1.285472, 50.394775, 10.475, 0.5, 1.0
0.513036, 49.711452, 10.475, 0.5, 1.0
0.15263000000000004, 49.375301, 10.475, 0.5, 1.0
-0.596473, 48.654598, 10.475, 0.5, 1.0
-1.358565, 47.922203, 10.475, 0.5, 1.0
-2.123541, 47.264568, 10.475, 0.5, 1.0
-2.9653670000000005, 46.700165, 10.475, 0.5, 1.0
-3.397783, 46.46693, 10.475, 0.5, 1.0
-4.305453, 46.082401, 10.475, 0.5, 1.0
-5.258966, 45.812977, 10.475, 0.5, 1.0
-6.2536, 45.663429, 10.475, 0.5, 1.0
-7.268767, 45.614147, 10.475, 0.5, 1.0
-7.799657, 45.604977, 10.475, 0.5, 1.0
-8.800097, 45.590172, 10.480668, 0.5, 1.0
-9.800551, 45.574532, 10.498495, 0.5, 1.0
-10.801021, 45.558102, 10.528489, 0.5, 1.0
-11.801503, 45.540939, 10.570632, 0.5, 1.0
-12.301749, 45.532101, 10.594414, 0.5, 1.0
-13.312373, 45.556477, 10.658628, 0.5, 1.0
-14.338043, 45.709438, 10.724993999999999, 0.5, 1.0
-15.342747, 45.992298, 10.778509, 0.5, 1.0
-16.310032, 46.402359, 10.811893999999999, 0.5, 1.0
-16.74188, 46.634731, 10.820553, 0.5, 1.0
-17.564636, 47.176105, 10.82814, 0.5, 1.0
-18.32268, 47.814354, 10.834443, 0.5, 1.0
-19.00452, 48.541828, 10.840746, 0.5, 1.0
-19.599548, 49.349483, 10.847049, 0.5, 1.0
-19.861479, 49.780201, 10.8502, 0.5, 1.0
-20.308765, 50.688393, 10.856503, 0.5, 1.0
-20.647713, 51.648819, 10.862807, 0.5, 1.0
-20.872099, 52.648502, 10.86911, 0.5, 1.0
-20.993044, 53.646152, 10.874443, 0.5, 1.0
-21.047564, 54.143555, 10.876866999999999, 0.5, 1.0
-21.156366, 55.13839, 10.881715, 0.5, 1.0
-21.264805, 56.13324, 10.886564, 0.5, 1.0
-21.372829, 57.128124, 10.891411999999999, 0.5, 1.0
-21.495861, 58.156307, 10.895776, 0.5, 1.0
-21.599598, 58.682987, 10.897715999999999, 0.5, 1.0
-21.907766, 59.70776, 10.901595, 0.5, 1.0
-22.344805, 60.680325, 10.905472999999999, 0.5, 1.0
-22.902399, 61.584686, 10.909352, 0.5, 1.0
-23.57028, 62.40612, 10.913231, 0.5, 1.0
-24.336412, 63.13140899999999, 10.91711, 0.5, 1.0
-24.752136, 63.45433, 10.919049, 0.5, 1.0
-25.639765, 64.014412, 10.922927, 0.5, 1.0
-26.589315, 64.453178, 10.926807, 0.5, 1.0
-27.584431, 64.764099, 10.930686, 0.5, 1.0
-28.608109, 64.942833, 10.934564, 0.5, 1.0
-29.125244, 64.98188, 10.936504, 0.5, 1.0
-30.159212, 64.959068, 10.940382999999999, 0.5, 1.0
-31.178358, 64.803001, 10.944261, 0.5, 1.0
-32.165726, 64.517128, 10.94814, 0.5, 1.0
-33.105011, 64.107033, 10.952017999999999, 0.5, 1.0
-33.551765, 63.857699999999994, 10.953958, 0.5, 1.0
-34.390396, 63.27610800000001, 10.957837, 0.5, 1.0
-35.144665, 62.592758, 10.961715, 0.5, 1.0
-35.812912, 61.824627, 10.966078999999999, 0.5, 1.0
-36.453377, 61.056278, 10.970927999999999, 0.5, 1.0
-36.773994, 60.672443, 10.973352, 0.5, 1.0
-37.416023, 59.905453, 10.978201, 0.5, 1.0
-38.059139, 59.139423, 10.983049, 0.5, 1.0
-38.703388, 58.374378, 10.987897, 0.5, 1.0
-39.370937, 57.640469, 10.993473999999999, 0.5, 1.0
-39.74012, 57.307026, 10.996381999999999, 0.5, 1.0
-40.544048, 56.718868, 11.002201, 0.5, 1.0
-41.423061, 56.246067, 11.008018999999999, 0.5, 1.0
-42.360451, 55.898926, 11.013836999999999, 0.5, 1.0
-43.337788, 55.684437, 11.019655, 0.5, 1.0
-43.835453, 55.62838, 11.022565, 0.5, 1.0
-44.836586, 55.619957, 11.028383, 0.5, 1.0
-45.82914, 55.749519, 11.0342, 0.5, 1.0
-46.7938, 56.014259, 11.040019, 0.5, 1.0
-47.711948, 56.408669, 11.045836999999999, 0.5, 1.0
-48.148037, 56.652061, 11.048746, 0.5, 1.0
-48.963879, 57.22504, 11.054564, 0.5, 1.0
-49.692013, 57.903069, 11.060381999999999, 0.5, 1.0
-50.318962, 58.672581, 11.066201, 0.5, 1.0
-50.833366, 59.518318, 11.072019, 0.5, 1.0
-51.045452, 59.96463, 11.074928, 0.5, 1.0
-51.374893, 60.89323, 11.080746, 0.5, 1.0
-51.573895, 61.854767, 11.086565, 0.5, 1.0
-51.679455, 62.880512, 11.091898, 0.5, 1.0
-51.77597, 63.87615600000001, 11.096746, 0.5, 1.0
-51.823845, 64.374023, 11.099169999999999, 0.5, 1.0
-51.918877, 65.369843, 11.104019, 0.5, 1.0
-52.051228, 66.418991, 11.108383, 0.5, 1.0
-52.334198, 67.448792, 11.112261, 0.5, 1.0
-52.772144, 68.426613, 11.11614, 0.5, 1.0
-53.355888, 69.329231, 11.120019, 0.5, 1.0
-53.698601, 69.745491, 11.121958, 0.5, 1.0
-54.476284, 70.495316, 11.125836999999999, 0.5, 1.0
-55.36219, 71.119873, 11.129716, 0.5, 1.0
-56.3363, 71.603607, 11.133595, 0.5, 1.0
-57.376347, 71.934151, 11.137474, 0.5, 1.0
-57.913654, 72.03907, 11.139412, 0.5, 1.0
-59.007244, 72.124374, 11.143291999999999, 0.5, 1.0
-60.104771, 72.041389, 11.147171, 0.5, 1.0
-61.180401, 71.790878, 11.151049, 0.5, 1.0
-62.208607, 71.377556, 11.154928, 0.5, 1.0
-62.697182, 71.112389, 11.156868, 0.5, 1.0
-63.608554999999996, 70.47216, 11.160746, 0.5, 1.0
-64.413994, 69.69754, 11.164625, 0.5, 1.0
-65.016228, 68.923103, 11.168019, 0.5, 1.0
-65.517838, 68.064163, 11.171655, 0.5, 1.0
-65.751617, 67.621933, 11.17408, 0.5, 1.0
-66.218803, 66.737305, 11.178927999999999, 0.5, 1.0
-66.68544, 65.852402, 11.183776, 0.5, 1.0
-67.151436, 64.967186, 11.188625, 0.5, 1.0
-67.616714, 64.081612, 11.193473, 0.5, 1.0
-67.849052, 63.638672, 11.195898, 0.5, 1.0
-68.31308, 62.752483, 11.200745999999999, 0.5, 1.0
-68.843513, 61.909359, 11.207533999999999, 0.5, 1.0
-69.537178, 61.19659, 11.214807, 0.5, 1.0
-70.359421, 60.649548, 11.22208, 0.5, 1.0
-70.807037, 60.445183, 11.225716, 0.5, 1.0
-71.782158, 60.179077, 11.233231, 0.5, 1.0
-72.818604, 60.132462, 11.240988, 0.5, 1.0
-73.834671, 60.316933, 11.248745999999999, 0.5, 1.0
-74.78096, 60.721161, 11.256504, 0.5, 1.0
-75.213531, 60.999374, 11.260382, 0.5, 1.0
-75.971733, 61.690407, 11.268139999999999, 0.5, 1.0
-76.60585, 62.5116, 11.273215, 0.5, 1.0
-77.288177, 63.259063999999995, 11.278521999999999, 0.5, 1.0
-78.077309, 63.913303, 11.330725, 0.5, 1.0
-78.493301, 64.18943, 11.358971, 0.5, 1.0
-79.428619, 64.753555, 11.422307, 0.5, 1.0
-80.405312, 65.165642, 11.455936, 0.5, 1.0
-81.428024, 65.418709, 11.472828999999999, 0.5, 1.0
-82.231209, 65.521767, 11.475, 0.5, 1.0
-83.257332, 65.649483, 11.475, 0.5, 1.0
-83.782791, 65.700096, 11.475, 0.5, 1.0
-84.838936, 65.739616, 11.475, 0.5, 1.0
-85.897125, 65.695885, 11.475, 0.5, 1.0
-86.951271, 65.568069, 11.47498, 0.5, 1.0
-87.994987, 65.355774, 11.471646, 0.5, 1.0
-88.510895, 65.217941, 11.467838, 0.5, 1.0
-89.526588, 64.879196, 11.455938999999999, 0.5, 1.0
-90.515373, 64.456993, 11.438323, 0.5, 1.0
-91.469704, 63.953045, 11.415, 0.5, 1.0
-92.382881, 63.369327999999996, 11.385966999999999, 0.5, 1.0
-92.821854, 63.048393, 11.369309, 0.5, 1.0
-93.66024, 62.350395, 11.331709, 0.5, 1.0
-94.42643, 61.598137, 11.2884, 0.5, 1.0
-95.104279, 60.839886, 11.245028999999999, 0.5, 1.0
-95.736, 60.038464, 11.212439, 0.5, 1.0
-96.033516, 59.622345, 11.200287, 0.5, 1.0
-96.589836, 58.761013, 11.184270999999999, 0.5, 1.0
-97.091911, 57.86343, 11.179306, 0.5, 1.0
-97.536713, 56.932915, 11.185388, 0.5, 1.0
-97.921425, 55.973099, 11.202520999999999, 0.5, 1.0
-98.090424, 55.483429, 11.215232, 0.5, 1.0
-98.380203, 54.487129, 11.248937999999999, 0.5, 1.0
-98.603889, 53.471901, 11.291974, 0.5, 1.0
-98.75956, 52.442368, 11.336089, 0.5, 1.0
-98.91160423240973, 51.405488462691075, 11.380203999999999, 0.48533944010185337, 0.0
-98.96514506881094, 50.883331231508606, 11.402261, 0.4771292373496152, 0.0
-99.03381803966069, 49.87431006010662, 11.457405, 0.4642188438686361, 0.0
-99.10956397680945, 48.85850256112251, 11.515305, 0.4479242169797999, 0.0
-99.21390611422547, 47.82566358245969, 11.584235, 0.43106288636872137, 0.0
-99.35566519640929, 46.84375162895708, 11.656974, 0.4202178750715717, 0.0
-99.44024715869125, 46.363615141306056, 11.693999999999999, 0.41763112016934656, 0.0
-99.642291618387, 45.41030781443045, 11.777327, 0.41707593569260837, 0.0
-99.90175704791754, 44.47032376273412, 11.873089, 0.4195411014006538, 0.0
-100.21767009919897, 43.54524673031026, 11.981285999999999, 0.4252075519026448, 0.0
-100.61008117719024, 42.584338807627404, 12.097047, 0.4331919231870529, 0.0
-100.82319713847862, 42.11201490894729, 12.151624, 0.4359296467825686, 0.0
-101.26625107644671, 41.21834912560339, 12.256558, 0.43394840581237304, 0.0
-101.7639914142343, 40.358434420152996, 12.368848999999999, 0.41774521832525124, 0.0
-102.30451385200193, 39.57210675201533, 12.551082, 0.3973400617887677, 0.0
-102.8885049508347, 38.86581397004571, 12.743598, 0.38634400347932285, 0.0
-103.53685090864579, 38.224858998836915, 12.932269999999999, 0.3813781576803734, 0.0
-103.88653908697248, 37.93332822217058, 13.01737, 0.3801775203566251, 0.0
-104.63295621822213, 37.412812450502116, 13.165814, 0.3800777318241586, 0.0
-105.43278684097669, 36.97418818720696, 13.285245999999999, 0.38456098673715644, 0.0
-106.27804940786622, 36.61410967030293, 13.375669, 0.39544265363987563, 0.0
-107.21941353332683, 36.307840393619045, 13.435501, 0.4166060616659024, 0.0
-107.71767042797967, 36.17365050655263, 13.451103999999999, 0.42722037160832826, 0.0
-108.72325140833894, 35.94909116319362, 13.470609, 0.44138096856110565, 0.0
-109.73777557333679, 35.774384349672296, 13.475, 0.44811415417622413, 0.0
-110.75800823678306, 35.63812522426887, 13.475, 0.45003870185993833, 0.0
-111.78187085117017, 35.53311477073858, 13.475, 0.44879956186152015, 0.0
-112.29403808709962, 35.482985319912004, 13.475, 0.4490844966119596, 0.0
-113.31891347447709, 35.38623113566851, 13.475, 0.45173772046165084, 0.0
-114.34586236673738, 35.31387888534632, 13.475, 0.4527795905492411, 0.0
-115.37416975288292, 35.26486169885265, 13.475, 0.45245508057595885, 0.0
-116.40322572425958, 35.23803106372777, 13.475, 0.45102465083897414, 0.0
-116.91776871273052, 35.22369361460979, 13.475, 0.45194963564563295, 0.0
-117.952988, 35.19214822179961, 13.475, 0.4573003951556416, 0.0
-118.952988, 35.17766720666476, 13.475, 0.4605183985189427, 0.0
-119.952988, 35.175827529374125, 13.475, 0.4609272156946389, 0.0
-120.952988, 35.183931081491906, 13.475, 0.459126426335132, 0.0
-121.452988, 35.17982443335701, 13.475, 0.4600390148095528, 0.0
-122.5, 35.151640051213995, 13.475, 0.4663022108413344, 0.0
-123.5, 35.116463951416605, 13.475, 0.474119121907421, 0.0
-124.5, 35.05236993263181, 13.475, 0.4883622371929306, 0.0
-125.5, 34.92829676341881, 13.475, 0.5159340525735985, 0.0
-126.0, 34.802237599687906, 13.475, 0.5439472000693542, 0.0
-127.20564918408368, 34.30137903539971, 13.475, 0.6416423089112442, 0.0
-128.43873200761368, 33.49910627091739, 13.475, 0.7077141039155066, 0.0
-129.44352515550685, 32.50226333869874, 13.475, 0.7102246023041374, 0.0
-129.98268205049186, 31.19735897140627, 13.475, 0.7120517575329188, 0.0
-130.13919800331644, 30.48019600176436, 13.475, 0.6924662714061469, 0.0
-129.7348298849934, 29.128572793382407, 13.475, 0.7206282603318357, 0.0
-128.9409263150435, 27.98310568424502, 13.475, 0.7222881707283193, 0.0
-127.82015793187306, 27.020080964028267, 13.475, 0.6739594010630299, 0.0
-126.470795, 26.31659826810126, 13.475, 0.5703551706891687, 0.0
-125.970795, 26.15732707282219, 13.475, 0.5349615717382648, 0.0
-124.970795, 25.992549091050464, 13.475, 0.49834424245565856, 0.0
-123.970795, 25.9047947572705, 13.475, 0.47884327939344473, 0.0
-122.970795, 25.857141102350738, 13.475, 0.468253578300164, 0.0
-121.949997, 25.82441144358493, 13.475, 0.46098032079665074, 0.0
-121.449997, 25.820159606316487, 13.475, 0.46003546807033047, 0.0
-120.449997, 25.831798058495572, 13.475, 0.4626217907767938, 0.0
-119.449997, 25.83797423913954, 13.477761, 0.46399427536434246, 0.0
-118.449997, 25.837669494166796, 13.490905, 0.4639265542592881, 0.0
-117.449997, 25.830352177538337, 13.514876, 0.4623004838974083, 0.0
-116.449997, 25.81536799241806, 13.549673, 0.4589706649817913, 0.0
-115.949997, 25.814929954926086, 13.57113, 0.458873323316908, 0.0
-114.949997, 25.82795687546811, 13.622164999999999, 0.46176819454846907, 0.0
-113.949997, 25.832267828540004, 13.682117, 0.462726184120001, 0.0
-112.949997, 25.827787006270746, 13.741399, 0.46173044583794365, 0.0
-111.949997, 25.814379203397927, 13.797025999999999, 0.45875093408842815, 0.0
-111.449997, 25.81436670425598, 13.823466, 0.45874815650132916, 0.0
-110.449997, 25.827720232908867, 13.873596, 0.4617156073130815, 0.0
-109.449997, 25.832127709689658, 13.920061, 0.4626950465977018, 0.0
-108.449997, 25.827674331952934, 13.962862, 0.4617054071006521, 0.0
-107.449997, 25.814282127770326, 14.00318, 0.45872936172673917, 0.0
-106.949997, 25.814278541307296, 14.023304, 0.4587285647349546, 0.0
-105.949997, 25.82765505076707, 14.063552, 0.46170112239268235, 0.0
-104.949997, 25.832087693213445, 14.103799, 0.4626861540474323, 0.0
-103.949997, 25.827657075455775, 14.144046, 0.4617015723235056, 0.0
-102.949997, 25.814283664791652, 14.184294, 0.4587297032870339, 0.0
-102.449997, 25.814289735002802, 14.204419, 0.45873105222284494, 0.0
-101.449997, 25.82768871541657, 14.244666, 0.4617086034259046, 0.0
-100.449997, 25.83215124128086, 14.284913999999999, 0.46270027584019147, 0.0
-99.448196, 25.8277111894497, 14.325234, 0.46171359765548914, 0.0
-98.448196, 25.81430321470502, 14.365482, 0.4587340477122268, 0.0
-97.948196, 25.814293560886668, 14.385605, 0.45873190241925954, 0.0
-96.948196, 25.827661743060958, 14.425853, 0.4617026095691017, 0.0
-95.948196, 25.832088318361507, 14.466099999999999, 0.4626862929692237, 0.0
-94.948196, 25.827651204917736, 14.506348, 0.4617002677594968, 0.0
-93.948196, 25.814267177852926, 14.546596, 0.4587260395228725, 0.0
-93.448196, 25.814263485444563, 14.56672, 0.4587252189876807, 0.0
-92.448196, 25.827631794735794, 14.605813, 0.46169595438573197, 0.0
-91.448196, 25.832050351396447, 14.642215, 0.46267785586587706, 0.0
-90.448196, 25.82760252515083, 14.67592, 0.4616894500335178, 0.0
-89.448196, 25.81421024595066, 14.706926, 0.45871338798903594, 0.0
-88.948196, 25.814206724928596, 14.721416999999999, 0.45871260553968796, 0.0
-87.948196, 25.82758957277086, 14.748376, 0.4616865717268581, 0.0
-86.948196, 25.832061662109325, 14.772636, 0.4626803693576278, 0.0
-85.948196, 25.82776949865184, 14.794198999999999, 0.4617265552559644, 0.0
-84.948196, 25.814778539116723, 14.813062, 0.45883967535927184, 0.0
-84.448196, 25.81523255222249, 14.821482, 0.4589405671605533, 0.0
-83.448196, 25.830233470317197, 14.836299, 0.46227410451493256, 0.0
-82.448196, 25.83749261590353, 14.848417, 0.46388724797856185, 0.0
-81.448196, 25.83748822806566, 14.857837, 0.46388627290347983, 0.0
-80.448196, 25.830220483316218, 14.864916, 0.4622712185147151, 0.0
-79.448196, 25.81521141978429, 14.871162, 0.4589358710631757, 0.0
-78.948196, 25.814753958194977, 14.872867, 0.45883421293221716, 0.0
-77.948196, 25.827739727037482, 14.872795, 0.46171993934166267, 0.0
-76.948196, 25.832032825627323, 14.868079, 0.4626739612505162, 0.0
-75.948196, 25.82757971910175, 14.858718999999999, 0.46168438202261086, 0.0
-74.948196, 25.81426378535327, 14.844716, 0.4587252856340598, 0.0
-74.448196, 25.81435839346527, 14.835973, 0.4587463096589488, 0.0
-73.448196, 25.82811143466536, 14.815004, 0.46180254103674656, 0.0
-72.448196, 25.833298510400056, 14.789392, 0.4629552245333457, 0.0
-71.448196, 25.83026816680141, 14.759136, 0.46228181484475783, 0.0
-70.44819310714541, 25.819238173786083, 14.724236, 0.45983070528065184, 0.0
-69.94740323327237, 25.82098027382171, 14.705145, 0.4602155494231255, 0.0
-68.92098475555967, 25.83888736708208, 14.666179999999999, 0.46282717967291376, 0.0
-67.92102236736628, 25.84795256980442, 14.627348999999999, 0.46329390268429904, 0.0
-66.9210035834317, 25.849066373962224, 14.588649, 0.4619929387057482, 0.0
-65.92092746217631, 25.8418567097477, 14.550082, 0.4588427140943594, 0.0
-65.42094229505732, 25.845116658797284, 14.530847999999999, 0.45879292439568076, 0.0
-64.42105542629548, 25.86526677386496, 14.492481, 0.46172279772945046, 0.0
-63.42111346709584, 25.87659043408413, 14.454245, 0.4626909690062746, 0.0
-62.42110943468483, 25.879102349592905, 14.416141999999999, 0.4617007039961436, 0.0
-61.4210397058516, 25.872703691566436, 14.378172, 0.4587307085048309, 0.0
-60.92104989288193, 25.876230403894137, 14.359236, 0.4587406430778458, 0.0
-59.92117248825661, 25.89681314238751, 14.321465, 0.46176621509553684, 0.0
-58.921231920726306, 25.908963160260452, 14.283826, 0.4629178030801029, 0.0
-57.92124217366271, 25.913667768476927, 14.246245, 0.46241548005767186, 0.0
-56.921210821636606, 25.912881610807204, 14.208665, 0.4606922931286732, 0.0
-56.42126807864877, 25.922909862376805, 14.190007, 0.4621468282448973, 0.0
-55.42155078005446, 25.967108418791533, 14.152759999999999, 0.4704207087227985, 0.0
-54.42192105037416, 26.022903442774737, 14.115511999999999, 0.48127187257549053, 0.0
-53.433042704712555, 26.10236600261846, 14.080763, 0.4974742822326732, 0.0
-52.35090193191658, 26.229556973318896, 14.054689999999999, 0.5088971954516381, 0.0
-51.81740214722863, 26.331104584403615, 14.041653, 0.5143176731105541, 0.0
-50.773299435719785, 26.615436315675286, 14.015581, 0.5262014354017879, 0.0
-49.754481550167384, 26.96827639953983, 13.989609999999999, 0.5307846540045063, 0.0
-48.76492466242728, 27.395564094555663, 13.963853, 0.5296968218497398, 0.0
-47.80938988203572, 27.89949039180071, 13.938308, 0.5237483472773903, 0.0
-47.359040910479315, 28.198185271326963, 13.925616, 0.5240073588083334, 0.0
-46.52506297144044, 28.882145339435517, 13.900388999999999, 0.5312172491595106, 0.0
-45.75171729892292, 29.630672922068893, 13.875373999999999, 0.5346740243061276, 0.0
-45.04380848261539, 30.440707608785885, 13.848503, 0.5346895629230062, 0.0
-44.40518371183826, 31.307965897986815, 13.816908, 0.5312549021013524, 0.0
-43.83834558840075, 32.227442416343315, 13.780569999999999, 0.5240502804188338, 0.0
-43.602819502985355, 32.71386355249528, 13.760622, 0.5238226785793785, 0.0
-43.233086045400036, 33.72739057853238, 13.717167, 0.5300322288532868, 0.0
-42.94594832922869, 34.7656408339112, 13.668975999999999, 0.5319539471723971, 0.0
-42.742301593137924, 35.824061784977125, 13.618662, 0.5295268579094312, 0.0
-42.622615620013896, 36.89832443987145, 13.568349, 0.5225713649116983, 0.0
-42.61756466882927, 37.41568744747463, 13.544292, 0.5225597126566015, 0.0
-42.716195440828315, 38.4904331585983, 13.493978, 0.5294910507268469, 0.0
-42.899114679036856, 39.55210769394983, 13.443664, 0.5319217568086998, 0.0
-43.165917460854736, 40.596238172554564, 13.392163, 0.5299614461229538, 0.0
-43.51566295832856, 41.61841322167784, 13.335441, 0.5235700020667053, 0.0
-43.740849671016775, 42.10976113707954, 13.304996, 0.5235762733510398, 0.0
-44.28624345297886, 43.04067673461456, 13.239942, 0.5300350971455146, 0.0
-44.90314161262137, 43.92368937685425, 13.169331999999999, 0.5321737927582717, 0.0
-45.58901114522922, 44.754869084509906, 13.093169, 0.5300511017962606, 0.0
-46.34087414515378, 45.53067157890017, 13.013505, 0.5235743730242319, 0.0
-46.75395408308607, 45.87924437247092, 12.974264999999999, 0.5235492803507356, 0.0
-47.64396840232969, 46.48916475789686, 12.897328, 0.5299201468368722, 0.0
-48.57798324898671, 47.02596069807795, 12.822448999999999, 0.5318077935319963, 0.0
-49.55175501270623, 47.488540446835714, 12.749628999999999, 0.5289631029402813, 0.0
-50.560898300400424, 47.87806934558287, 12.678867, 0.5206154919302577, 0.0
-51.08177362998173, 48.02687217851575, 12.644231999999999, 0.5184441377999462, 0.0
-52.145175395250206, 48.23398646541399, 12.575211, 0.5171094886234897, 0.0
-53.223618095001335, 48.38482054080279, 12.50619, 0.5049782333700676, 0.0
-54.21743, 48.4830910122378, 12.423888999999999, 0.48510621950271116, 0.0
-55.21743, 48.55416771167516, 12.325286, 0.4693113974055194, 0.0
-55.71743, 48.57156108135084, 12.275985, 0.4654462041442571, 0.0
-56.717446274610595, 48.57539532485666, 12.177382999999999, 0.46459415003072024, 0.0
-57.717446300531854, 48.57863148166988, 12.078781, 0.4638741151833159, 0.0
-58.71744602044179, 48.58613463221105, 11.980179, 0.462205859507975, 0.0
-59.717446476695144, 48.60064489323542, 11.881577, 0.4589806903908169, 0.0
-60.217445, 48.60088245142592, 11.832276, 0.45892701079424114, 0.0
-61.217445, 48.58763766937631, 11.733673999999999, 0.46186940680526334, 0.0
-62.21744633742278, 48.58322384759468, 11.635072, 0.46284936719999337, 0.0
-63.21744602935183, 48.58760063766818, 11.53647, 0.4618758582952722, 0.0
-64.21744647774426, 48.6007570321842, 11.437868, 0.4589515484021973, 0.0
-64.717445, 48.600392326649285, 11.388567, 0.459031705189048, 0.0
-65.717445, 48.58532523889648, 11.289964, 0.4623790580230036, 0.0
-66.717445, 48.57644430390186, 11.19038, 0.4643517102440313, 0.0
-67.71744623207861, 48.57003282697598, 11.087342, 0.46577559400424207, 0.0
-68.71744586126512, 48.559563187697236, 10.980731, 0.46810129162226133, 0.0
-69.217445, 48.53589291514571, 10.926086, 0.47336068552317556, 0.0
-70.21749576060013, 48.444856639655626, 10.814558, 0.4935900701511855, 0.0
-71.23922906292685, 48.31320327042848, 10.730571, 0.5178461053724419, 0.0
-72.2590588879742, 48.12458481626596, 10.663383, 0.5309820275873705, 0.0
-73.2590382426287, 47.866766497553286, 10.596195, 0.5341931302516514, 0.0
-74.23657339604672, 47.529707854321884, 10.529005999999999, 0.5298552087677848, 0.0
-74.70465364556276, 47.30954697392426, 10.495410999999999, 0.5303573312970258, 0.0
-75.58497054829414, 46.77100268288335, 10.428223, 0.5371135972897747, 0.0
-76.41275385613649, 46.157683662212264, 10.361034, 0.5383990944465182, 0.0
-77.1848636544641, 45.47306211288436, 10.293846, 0.533991302132506, 0.0
-77.90049826227241, 44.720167837333776, 10.226657, 0.523230417505232, 0.0
-78.22831832091745, 44.29545589472495, 10.176266, 0.5212634874188637, 0.0
-78.7985566920765, 43.37850485816489, 10.098623, 0.5283644601516073, 0.0
-79.29443533628698, 42.4215355331991, 10.026019999999999, 0.5307644440734123, 0.0
-79.71614335774385, 41.428912620641185, 9.959142, 0.5279999833555564, 0.0
-80.0661157341688, 40.40464866380866, 9.897993, 0.5191010899262238, 0.0
-80.19651997567854, 39.87828488132133, 9.869565, 0.5162048411981459, 0.0
-80.37084820433375, 38.80705753534697, 9.817005, 0.5123578439037715, 0.0
-80.49399151622717, 37.727432, 9.768925, 0.4964472186161828, 0.0
-80.57277262404168, 36.736668, 9.70136, 0.47894030576851776, 0.0
-80.63019030852826, 35.736668, 9.633148, 0.4661808203270539, 0.0
-80.64309710841401, 35.236668, 9.599041999999999, 0.46331264257466387, 0.0
-80.64197201322644, 34.236668, 9.530828999999999, 0.46356266372745836, 0.0
-80.64279389488792, 33.236668, 9.465142, 0.4633800233582406, 0.0
-80.64927520925977, 32.236668, 9.406160999999999, 0.4619397312756064, 0.0
-80.66340995306007, 31.236668, 9.353947999999999, 0.4587986770977608, 0.0
-80.66357748740563, 30.736668, 9.33038, 0.4587614472431909, 0.0
-80.65032384601454, 29.736668, 9.288319, 0.4617067008856566, 0.0
-80.64595296676522, 28.736668, 9.253028, 0.4626780073855059, 0.0
-80.6504254234973, 27.736668, 9.224504, 0.4616841281117132, 0.0
-80.66383183872894, 26.736668, 9.202748999999999, 0.45870492472690216, 0.0
-80.66384063923115, 26.236668, 9.194409, 0.4587029690597433, 0.0
-80.65047139496508, 25.236668, 9.1817, 0.46167391222998333, 0.0
-80.64604328792132, 24.23666564744997, 9.169613, 0.46265793601382654, 0.0
-80.65047661951381, 23.236668, 9.160231999999999, 0.46167119566359816, 0.0
-80.66384829480954, 22.236668, 9.160141, 0.4586997122645471, 0.0
-80.66383708856651, 21.736668, 9.163689, 0.45870220254077765, 0.0
-80.65041293567583, 20.736668, 9.177975, 0.4616853476275935, 0.0
-80.64588423042439, 19.736668, 9.201845, 0.46269172657235913, 0.0
-80.65010280631819, 18.736668, 9.2353, 0.461754265262627, 0.0
-80.66299544238848, 17.736668, 9.278338999999999, 0.4588892350247846, 0.0
-80.66246006505804, 17.236668, 9.303453, 0.4590082077648816, 0.0
-80.64716474280755, 16.236668, 9.360869, 0.4624071682649884, 0.0
-80.63920107341137, 15.236669, 9.426858, 0.4641768725752513, 0.0
-80.63738706012882, 14.236669, 9.494247, 0.4645799866380429, 0.0
-80.64006377100102, 13.236669, 9.561637, 0.4639851619997728, 0.0
-80.64497595341973, 12.209637, 9.630823, 0.46289356590672526, 0.0
-80.6342340636379, 11.709637, 9.664518, 0.46528065252491047, 0.0
-80.58110677164214, 10.709637, 9.731907, 0.4770867174128597, 0.0
-80.5046631690244, 9.709553364003105, 9.799370999999999, 0.49407415551502254, 0.0
-80.38063258282455, 8.637612412196122, 9.85688, 0.5174033389804862, 0.0
-80.19193371115344, 7.55357330259582, 9.897566, 0.5301805715068184, 0.0
-80.04420276034331, 7.015084407468048, 9.917938, 0.5362074135819483, 0.0
-79.64239867089793, 5.979726175069223, 9.958738, 0.5486613380384711, 0.0
-79.14964736544184, 4.988950741884364, 9.999615, 0.5504858409822049, 0.0
-78.56360126555954, 4.045385844561996, 10.040517, 0.5423685199150725, 0.0
-77.90654244032216, 3.1796037983605254, 10.082265999999999, 0.5259625076143664, 0.0
-77.54750293199729, 2.804284196086834, 10.108787, 0.5239800531775103, 0.0
-76.77857580653205, 2.1671537245479673, 10.146165, 0.5375429338248665, 0.0
-75.86437927685252, 1.544256353822266, 10.17445, 0.5480262986278035, 0.0
-74.89497916229885, 1.008678375254242, 10.199268, 0.5484891062726831, 0.0
-73.87539826245593, 0.5625327115545853, 10.220621, 0.5384865186098295, 0.0
-73.34268925874721, 0.3940026669273571, 10.229997, 0.5341122616223544, 0.0
-72.24506517566226, 0.16423461719764276, 10.247237, 0.5250892127088775, 0.0
-71.22569092221853, 0.01841331473011998, 10.265832999999999, 0.5039242961192087, 0.0
-70.194763, -0.07995904195703929, 10.294442, 0.4822313240095468, 0.0
-69.199997, -0.1462795708266782, 10.322901, 0.4674934287051826, 0.0
-68.699997, -0.16173570204432508, 10.337206, 0.46405873287903887, 0.0
-67.699997, -0.16286439563488386, 10.365815, 0.4638079120811369, 0.0
-66.699997, -0.16456888723241292, 10.394064, 0.4634291361705749, 0.0
-65.699997, -0.1713439585835843, 10.418631, 0.4619235647592035, 0.0
-64.699997, -0.18555206123581058, 10.438709, 0.4587662086142643, 0.0
-64.199997, -0.18572353151839138, 10.447065, 0.45872810410702414, 0.0
-63.200001, -0.172445310724207, 10.460409, 0.4616788198390651, 0.0
-62.200001, -0.1680421641716876, 10.469265, 0.4626572968507361, 0.0
-61.200001, -0.172484529658675, 10.473631, 0.46167010452029444, 0.0
-60.200001, -0.18586541907698972, 10.474256, 0.45869657353844673, 0.0
-59.700001, -0.18586050540406518, 10.474363, 0.4586976654657633, 0.0
-58.700001, -0.17244758084851952, 10.474549999999999, 0.46167831536699566, 0.0
-57.700001, -0.16789060193545424, 10.474705, 0.46269097734767684, 0.0
-56.700001, -0.17190586046470457, 10.474827, 0.4617986976745101, 0.0
-55.700001, -0.1840217633699126, 10.474917, 0.4591062748066861, 0.0
-55.200001, -0.18230484833308225, 10.47495, 0.4594878114815373, 0.0
-54.200001, -0.16196832320409982, 10.47499, 0.4640070392879778, 0.0
-53.200001, -0.14245071666354647, 10.475, 0.46834428518587856, 0.0
-52.200001, -0.11634331035492096, 10.475, 0.4741459310322398, 0.0
-51.200001, -0.0732359089326593, 10.475, 0.48372535357052016, 0.0
-50.200001, 0.0, 10.475, 0.5, 0.0
